City_ID,City,Lat,Lng,Max Temp,Humidity,Cloudiness,Wind Speed,Country,Date
0,chipata,-13.6333,32.65,286.37,95,98,2.16,ZM,1682564133
1,port-aux-francais,-49.35,70.2167,279.58,97,100,10.41,TF,1682564134
2,blackmans bay,-43.0167,147.3167,290.78,75,100,3.61,AU,1682564135
3,grytviken,-54.2811,-36.5092,273.83,73,100,4.13,GS,1682564137
4,puerto ayora,-0.7393,-90.3518,297.9,93,6,1.34,EC,1682564138
5,pangoa,-12.1167,-73.0,294.74,92,67,0.5,PE,1682564140
6,tiksi,71.6872,128.8694,267.26,80,55,0.98,RU,1682564141
7,tura,25.5198,90.2201,304.83,29,5,1.77,IN,1682564142
8,utrik,11.2278,169.8474,299.97,82,26,9.26,MH,1682564143
9,bhisho,-32.8472,27.4422,293.19,35,84,3.62,ZA,1682564057
10,carnarvon,-24.8667,113.6333,297.09,37,5,6.01,AU,1682564146
11,tobruk,32.0836,23.9764,290.65,78,0,6.31,LY,1682564116
12,quellon,-43.1167,-73.6167,281.29,87,100,1.54,CL,1682564148
13,bethel,41.3712,-73.414,282.7,82,94,1.66,US,1682564150
14,codrington,-38.2667,141.9667,294.09,58,14,7.86,AU,1682564151
15,yellowknife,62.456,-114.3525,274.44,100,100,2.57,CA,1682564152
16,aripuana,-9.1667,-60.6333,295.83,96,34,0.16,BR,1682563982
17,benghazi,32.1167,20.0667,291.06,79,0,4.69,LY,1682564155
18,bilibino,68.0546,166.4372,270.33,79,46,1.24,RU,1682564157
19,cruces,22.3411,-80.2667,300.77,69,100,1.36,CU,1682564158
20,el porvenir,13.7617,-87.3458,299.5,92,78,1.27,HN,1682564160
21,businga,3.3333,20.8833,293.08,99,92,0.63,CD,1682564161
22,adamstown,-25.066,-130.1015,297.38,68,24,3.51,PN,1682564164
23,puerto lopez,4.0845,-72.956,296.26,90,50,0.65,CO,1682564167
24,ancud,-41.8697,-73.8203,281.58,94,97,2.09,CL,1682564169
25,albany,42.6001,-73.9662,281.02,90,93,1.15,US,1682563907
26,afaahiti,-17.75,-149.2833,302.08,82,100,4.15,PF,1682564173
27,edinburgh of the seven seas,-37.0676,-12.3116,289.44,75,93,11.99,SH,1682564175
28,invercargill,-46.4,168.35,284.83,82,38,0.89,NZ,1682564177
29,west island,-12.1568,96.8225,301.14,78,40,8.75,CC,1682564179
30,banda aceh,5.5577,95.3222,303.5,63,64,2.72,ID,1682564182
31,iqaluit,63.7506,-68.5145,272.0,92,75,2.06,CA,1682563917
32,alice springs,-23.7,133.8833,303.9,27,97,4.63,AU,1682564081
33,labrador city,52.9463,-66.9114,276.1,75,75,0.0,CA,1682564188
34,esikhaleni,-28.871,31.8996,294.56,89,1,6.0,ZA,1682564190
35,ushuaia,-54.8,-68.3,278.96,75,0,0.51,AR,1682564192
36,sitka,57.0531,-135.33,280.09,70,100,5.14,US,1682564196
37,zaozersk,69.4005,32.4476,272.32,78,99,3.27,RU,1682564198
38,yuzhno-kurilsk,44.0306,145.8556,279.12,61,29,13.8,RU,1682564200
39,puerto natales,-51.7236,-72.4875,277.18,85,69,2.41,CL,1682564201
40,waitangi,-43.9535,-176.5597,285.27,89,48,3.13,NZ,1682564202
41,pyhajarvi,67.0701,27.2176,272.12,94,91,3.71,FI,1682564204
42,st. john's,47.5649,-52.7093,274.7,91,100,7.2,CA,1682564020
43,la'ie,21.6477,-157.9253,301.13,88,97,1.79,US,1682564206
44,banha,30.4591,31.1786,296.61,57,0,2.64,EG,1682564207
45,luderitz,-26.6481,15.1594,286.93,88,5,2.42,NA,1682564209
46,kerman,30.2832,57.0788,284.07,50,20,0.0,IR,1682564210
47,tralee,52.2704,-9.7026,282.13,95,100,2.66,IE,1682564212
48,krasnaya gorbatka,55.8703,41.7641,282.4,92,63,3.93,RU,1682564213
49,wailua homesteads,22.0669,-159.378,299.39,76,75,6.17,US,1682564215
50,melfi,40.9965,15.6514,276.2,54,9,1.95,IT,1682564216
51,lebu,-37.6167,-73.65,286.19,92,100,3.24,CL,1682564217
52,khash,28.2211,61.2158,292.68,34,3,0.7,IR,1682564048
53,president roxas,7.1544,125.0558,305.48,56,95,0.46,PH,1682564220
54,pontes e lacerda,-15.2261,-59.3353,295.07,95,0,0.94,BR,1682564221
55,harstad,68.799,16.5293,276.38,99,100,2.68,NO,1682564224
56,ilulissat,69.2167,-51.1,269.12,96,99,0.63,GL,1682564226
57,uturoa,-16.7333,-151.4333,300.97,76,13,2.56,PF,1682564229
58,rudnichnyy,59.617,52.4703,281.88,96,90,2.36,RU,1682564232
59,college,64.8569,-147.8028,278.33,50,75,3.09,US,1682564234
60,cookeville,36.1628,-85.5016,286.6,88,0,0.0,US,1682564236
61,severo-yeniseyskiy,60.3725,93.0408,270.22,75,100,3.9,RU,1682564238
62,atafu village,-8.5421,-172.5159,301.37,77,100,4.54,TK,1682564240
63,kamenka,51.3223,42.7678,285.01,75,96,2.4,RU,1682564242
64,qaqortoq,60.7167,-46.0333,273.58,92,98,0.74,GL,1682564245
65,hailey,43.5196,-114.3153,287.07,51,0,1.79,US,1682564006
66,tashtagol,52.7657,87.8894,279.41,83,100,1.56,RU,1682564250
67,northam,51.0333,-4.2167,282.73,91,100,5.03,GB,1682564252
68,tofol,5.3248,163.0078,301.03,83,75,3.6,FM,1682564254
69,bredasdorp,-34.5322,20.0403,287.48,77,8,2.19,ZA,1682564257
70,ito,34.9667,139.0833,291.86,60,29,0.89,JP,1682564258
71,susuman,62.7833,148.1667,270.71,81,99,1.03,RU,1682564260
72,punta arenas,-53.15,-70.9167,280.21,76,75,7.2,CL,1682564106
73,villa gesell,-37.2639,-56.973,289.29,89,0,4.57,AR,1682564263
74,el calafate,-50.3408,-72.2768,277.64,73,22,1.97,AR,1682564265
75,kayangel,8.0823,134.7173,302.3,76,99,4.4,PW,1682564266
76,galliano,29.4422,-90.2992,297.15,88,100,3.6,US,1682564267
77,canico,32.6333,-16.85,294.66,65,20,1.54,PT,1682564268
78,sao jose da coroa grande,-8.8978,-35.1478,298.23,87,73,1.09,BR,1682564269
79,portland,45.5234,-122.6762,297.47,40,75,2.57,US,1682564154
80,avarua,-21.2078,-159.775,299.18,78,75,3.6,CK,1682564272
81,baley,51.6,116.6333,279.74,25,92,5.35,RU,1682564273
82,al ghayzah,16.2079,52.176,301.57,75,69,1.86,YE,1682564274
83,tazovsky,67.4667,78.7,264.42,96,99,0.83,RU,1682564275
84,sisimiut,66.9395,-53.6735,271.67,88,50,3.59,GL,1682564276
85,pangody,65.85,74.4859,266.92,93,41,2.77,RU,1682564278
86,port elizabeth,-33.918,25.5701,292.77,89,0,6.17,ZA,1682564280
87,puerto carreno,6.189,-67.4859,298.86,81,96,2.85,CO,1682564281
88,santiago de cao,-7.9589,-79.2392,297.22,83,40,3.6,PE,1682564284
89,luganville,-15.5333,167.1667,301.87,69,2,0.86,VU,1682564286
90,longyearbyen,78.2186,15.6401,268.83,80,100,2.18,SJ,1682564271
91,badger,64.8,-147.5333,278.29,51,75,3.09,US,1682564291
92,vorgashor,67.5833,63.95,268.29,95,100,1.54,RU,1682564294
93,la tuque,47.4334,-72.7824,279.29,75,84,2.06,CA,1682564297
94,balfour,-26.6633,28.5902,285.86,69,0,1.27,ZA,1682564299
95,kaa-khem,51.6833,94.7333,275.89,41,11,2.83,RU,1682564302
96,lundazi,-12.2929,33.1782,288.36,95,17,3.4,ZM,1682564306
97,inarajan village,13.2736,144.7484,304.69,86,9,8.78,GU,1682564307
98,anadyr,64.75,177.4833,266.43,73,0,4.0,RU,1682564310
99,adirampattinam,10.35,79.4,302.98,69,97,3.23,IN,1682564312
100,amga,60.8953,131.9608,275.3,84,100,3.68,RU,1682564315
101,katsuura,35.1333,140.3,291.02,49,0,4.8,JP,1682564317
102,toccoa,34.5773,-83.3324,286.61,96,75,2.57,US,1682564318
103,jining,35.405,116.5814,295.46,45,0,7.78,CN,1682564294
104,tobol'sk,58.2,68.2667,288.21,50,100,6.27,RU,1682564321
105,tha yang,12.9577,99.9055,306.47,50,42,2.62,TH,1682564322
106,sidney,-33.8679,151.2073,299.05,56,75,5.66,AU,1682564109
107,margaret river,-33.95,115.0667,289.53,50,41,7.02,AU,1682564324
108,mili,6.0815,171.735,301.19,78,69,7.68,MH,1682564326
109,acopiara,-6.0953,-39.4525,298.03,69,100,1.11,BR,1682564327
110,arecibo,18.4724,-66.7157,299.82,84,79,3.93,PR,1682564328
111,cidreira,-30.1811,-50.2056,291.47,89,2,3.97,BR,1682564330
112,ust-nera,64.5667,143.2,272.51,77,71,0.88,RU,1682564331
113,san antonio de pale,-1.4014,5.6325,301.22,77,100,3.31,GQ,1682564332
114,hithadhoo,-0.6,73.0833,302.0,73,94,3.37,MV,1682564333
115,tromso,69.6496,18.957,275.03,75,75,2.06,NO,1682564335
116,kinablangan,7.6947,126.5503,302.07,73,100,2.78,PH,1682564336
117,al khafji,28.4391,48.4913,298.12,43,0,4.21,SA,1682564337
118,remire-montjoly,4.9167,-52.2667,297.17,94,40,0.0,GF,1682564338
119,thompson,55.7435,-97.8558,279.24,39,75,3.09,CA,1682564339
120,siwa oasis,29.2041,25.5195,295.65,29,0,2.68,EG,1682564341
121,tsiombe,-25.3,45.4833,291.15,91,4,0.37,MG,1682564343
122,udachny,66.4167,112.4,271.18,86,98,3.91,RU,1682564346
123,ola,59.5833,151.2833,275.04,76,68,1.61,RU,1682564348
124,port douglas,-16.4833,145.4667,299.07,76,51,7.15,AU,1682564350
125,island harbour,50.724,-1.2758,283.97,87,85,2.68,GB,1682564352
126,prainha,-1.8,-53.48,296.02,98,100,1.69,BR,1682564354
127,recreo,-29.2818,-65.061,291.84,76,0,4.21,AR,1682564356
128,conception bay south,47.4999,-52.9981,274.57,90,67,6.19,CA,1682564152
129,lihue,21.9789,-159.3672,299.73,71,75,6.17,US,1682564360
130,richards bay,-28.783,32.0377,294.87,87,2,5.8,ZA,1682564362
131,tchibanga,-2.85,11.0333,295.68,98,100,0.52,GA,1682564364
132,colares,38.7992,-9.4469,294.44,53,100,3.58,PT,1682564366
133,brigantine,39.4101,-74.3646,285.94,71,100,3.13,US,1682564369
134,mek'ele,13.4967,39.4753,291.34,58,91,0.58,ET,1682564373
135,ketchikan,55.3422,-131.6461,281.41,66,75,2.57,US,1682564320
136,cruzeiro do sul,-29.5128,-51.9853,291.77,94,25,1.95,BR,1682564377
137,adelaide,-34.9333,138.6,296.72,55,20,7.72,AU,1682564357
138,ocean shores,46.9737,-124.1563,286.15,86,0,4.12,US,1682564380
139,mirnyy,62.5353,113.9611,273.28,80,99,0.89,RU,1682564381
140,gulf breeze,30.3571,-87.1639,295.38,90,75,2.57,US,1682564098
141,sychevka,55.8252,34.2736,283.16,81,93,2.56,RU,1682564383
142,barcelos,41.5388,-8.6151,289.73,86,100,1.47,PT,1682564385
143,isafjordur,66.0755,-23.124,271.17,68,73,3.06,IS,1682564386
144,mount gambier,-37.8333,140.7667,293.95,52,52,4.74,AU,1682564387
145,mammoth lakes,37.6485,-118.9721,281.55,36,0,4.12,US,1682564388
146,olonkinbyen,70.9221,-8.7187,270.54,91,100,8.75,SJ,1682564390
147,legaspi,13.1372,123.7344,303.71,64,63,3.59,PH,1682564391
148,jamestown,42.097,-79.2353,276.95,70,0,4.12,US,1682564249
149,la passe,45.5549,-0.8967,285.92,90,100,2.28,FR,1682564393
150,stanley,54.868,-1.6985,278.02,94,93,0.0,GB,1682564394
151,tuscania,42.4206,11.8712,283.41,80,40,1.78,IT,1682564396
152,askoy,60.4092,5.226,276.46,94,75,3.6,NO,1682564397
153,gadzhiyevo,69.2551,33.3362,271.17,76,97,4.25,RU,1682564398
154,port blair,11.6667,92.75,303.87,67,75,5.43,IN,1682564400
155,zhytomyr,50.2649,28.6767,277.11,96,100,6.0,UA,1682564401
156,yozgat,39.5833,35.3333,280.87,73,90,1.79,TR,1682564415
157,constantia,44.1833,28.65,279.65,77,100,10.04,RO,1682564423
158,baymak,52.5933,58.3225,286.39,50,100,1.64,RU,1682564426
159,the dalles,45.5946,-121.1787,295.93,54,100,4.38,US,1682564430
160,kittila,67.6647,24.8936,275.23,69,100,4.63,FI,1682564433
161,georgetown,5.4112,100.3354,303.12,79,20,2.24,MY,1682564435
162,howrah,22.5892,88.3103,304.15,74,73,3.09,IN,1682564438
163,greymouth,-42.4667,171.2,288.35,67,2,2.3,NZ,1682564434
164,mabinay,9.7272,122.9017,304.89,56,100,5.28,PH,1682564441
165,saiha,22.4833,92.9667,303.85,26,60,1.05,IN,1682564442
166,trebinje,42.7119,18.3442,285.34,40,0,2.57,BA,1682564256
167,shahrud,36.4182,54.9763,289.73,54,64,1.62,IR,1682564445
168,kingscliff,-28.2667,153.5667,297.46,69,40,5.66,AU,1682564446
169,languyan,5.2618,120.0807,303.7,62,100,2.24,PH,1682564447
170,luang namtha,20.9497,101.4011,296.16,83,75,2.06,LA,1682564449
171,hawaiian paradise park,19.5933,-154.9731,297.61,82,91,4.11,US,1682564450
172,omdurman,15.6445,32.4777,305.89,31,98,5.24,SD,1682564451
173,qarqaraly,49.4058,75.4742,287.03,41,60,0.63,KZ,1682564452
174,grande prairie,55.1667,-118.8027,280.25,57,75,9.77,CA,1682564278
175,kodiak,57.79,-152.4072,276.88,87,100,6.69,US,1682564454
176,zeya,53.75,127.2667,280.87,30,9,3.65,RU,1682564456
177,fort bragg,35.139,-79.006,288.61,94,100,1.54,US,1682564406
178,ishigaki,24.3448,124.1572,296.22,88,75,5.14,JP,1682564458
179,yangambi,0.8102,24.4336,292.15,99,73,0.15,CD,1682564460
180,port lincoln,-34.7333,135.8667,292.57,70,43,9.96,AU,1682564461
181,tulchyn,48.6745,28.8464,278.11,84,100,1.34,UA,1682564466
182,aykhal,66.0,111.5,269.88,88,100,3.97,RU,1682564469
183,sinabang,2.4803,96.3801,301.91,73,99,1.79,ID,1682564472
184,velikiye luki,56.34,30.5452,282.72,89,83,1.74,RU,1682564474
185,fuerte olimpo,-21.0415,-57.8738,294.94,91,64,2.32,PY,1682564477
186,ghat,24.9647,10.1728,297.17,23,6,0.72,LY,1682564480
187,saipan,15.1355,145.701,300.7,80,34,8.83,MP,1682564482
188,weno,7.4515,151.8468,302.12,84,100,3.09,FM,1682564484
189,wewak,-3.5534,143.6268,302.82,70,43,2.3,PG,1682564486
190,umm kaddadah,13.6017,26.6876,300.82,47,83,1.83,SD,1682564488
191,nova sintra,14.8667,-24.7167,293.27,77,1,7.85,CV,1682564491
192,merizo village,13.2658,144.6691,304.03,85,7,8.72,GU,1682564493
193,talnakh,69.4865,88.3972,268.42,93,100,1.69,RU,1682564496
194,kamensk-ural'skiy,56.4185,61.9329,288.52,56,100,6.03,RU,1682564498
195,ribeira grande,38.5167,-28.7,290.25,87,61,8.49,PT,1682564499
196,kembe,4.6228,21.8865,292.4,98,92,0.67,CF,1682564500
197,mabopane,-25.4977,28.1007,291.3,65,3,0.95,ZA,1682564502
198,riberalta,-10.9833,-66.1,296.11,92,8,0.65,BO,1682564504
199,mozarlandia,-14.7447,-50.5706,296.74,67,2,0.73,BR,1682564505
200,daru,-9.0763,143.2092,300.61,81,100,6.13,PG,1682564506
201,coihueco,-36.6167,-71.8333,286.56,72,100,2.06,CL,1682564507
202,sandnessjoen,66.0217,12.6316,274.62,87,100,0.89,NO,1682564508
203,kolonia,50.9333,6.95,278.28,77,0,2.06,DE,1682564510
204,manghit,42.1156,60.0597,286.14,18,11,5.86,UZ,1682564511
205,lycksele,64.5954,18.6735,273.39,100,100,0.0,SE,1682564512
206,nako,31.8814,78.627,273.39,73,96,1.88,IN,1682564513
207,cabo san lucas,22.8909,-109.9124,296.27,84,0,5.03,MX,1682564429
208,kruisfontein,-34.0033,24.7314,287.53,89,100,2.76,ZA,1682564516
209,ulyanovsk,54.0,48.0,283.17,86,0,4.1,RU,1682564517
210,klyuchi,52.2667,79.1667,290.98,38,100,5.18,RU,1682564518
211,salinas,36.6777,-121.6555,292.6,85,0,4.63,US,1682564482
212,javea,38.7833,0.1667,290.34,85,63,0.89,ES,1682564521
213,al qusayr,34.5091,36.5798,285.39,77,100,0.66,SY,1682564523
214,kerikeri,-35.2268,173.9474,293.66,62,98,0.45,NZ,1682564526
215,lagoa,39.05,-27.9833,289.4,75,69,9.33,PT,1682564528
216,namsos,64.4662,11.4957,275.18,93,100,1.03,NO,1682564531
217,katsuren-haebaru,26.3369,127.8719,297.36,62,40,5.14,JP,1682564534
218,giannouli,39.6667,22.3833,281.03,100,20,0.0,GR,1682564536
219,murici,-9.3067,-35.9433,297.31,95,54,0.73,BR,1682564539
220,walvis bay,-22.9575,14.5053,288.76,83,39,2.21,NA,1682564542
221,vila franca do campo,37.7167,-25.4333,290.38,91,15,5.73,PT,1682564544
222,papatowai,-46.5619,169.4708,288.5,77,64,3.32,NZ,1682564547
223,heroica guaymas,27.9333,-110.9,296.97,49,0,2.07,MX,1682564495
224,inongo,-1.95,18.2667,294.73,91,100,1.39,CD,1682564552
225,alaghsas,17.0187,8.0168,302.6,10,100,4.22,NE,1682564555
226,penzance,50.1186,-5.5371,283.53,89,100,5.47,GB,1682564557
227,sterling,39.0062,-77.4286,286.18,81,80,1.34,US,1682564498
228,springs,-26.25,28.4,289.08,94,0,2.81,ZA,1682564559
229,wuhai,39.6647,106.8122,286.96,19,100,10.04,CN,1682564561
230,port mathurin,-19.6833,63.4167,299.14,80,16,5.42,MU,1682564562
231,belozersk,60.0326,37.7957,279.39,99,100,2.11,RU,1682564563
232,labytnangi,66.6572,66.4183,265.5,90,95,2.91,RU,1682564564
233,obninsk,55.0969,36.6103,283.09,84,98,2.04,RU,1682564566
234,port alfred,-33.5906,26.891,294.5,63,92,4.73,ZA,1682564567
235,beaufort west,-32.3567,22.583,292.95,40,100,4.09,ZA,1682564568
236,phan rang-thap cham,11.5667,108.9833,306.05,51,95,6.14,VN,1682564570
237,yalutorovsk,56.6536,66.3006,289.67,46,100,5.48,RU,1682564571
238,pochep,52.9336,33.4464,283.62,94,100,2.31,RU,1682564572
239,yichun,47.7,128.9,285.17,29,95,0.83,CN,1682564573
240,chonchi,-42.6128,-73.8092,281.71,97,100,0.46,CL,1682564550
241,grand falls-windsor,48.9332,-55.6649,273.99,91,13,0.89,CA,1682564575
242,ozark,37.0209,-93.206,289.38,55,100,3.42,US,1682564384
243,shiguai,40.7058,110.2856,284.98,21,100,4.6,CN,1682564578
244,nouadhibou,20.931,-17.0347,291.14,94,0,4.63,MR,1682564579
245,rio grande,-32.035,-52.0986,291.21,84,21,4.71,BR,1682564580
246,panaba,21.2833,-88.2667,298.89,66,16,6.66,MX,1682564582
247,nogliki,51.8333,143.1667,273.89,100,100,2.96,RU,1682564584
248,borba,-4.3878,-59.5939,297.21,91,100,1.88,BR,1682564586
249,magadan,59.5667,150.8,274.83,75,43,1.48,RU,1682564589
250,loukhi,66.0764,33.0381,271.73,89,100,3.47,RU,1682564590
251,galesong,-5.3166,119.3661,303.16,78,96,2.08,ID,1682564593
252,nuku'alofa,-21.1333,-175.2,299.34,89,75,5.14,TO,1682564595
253,whangarei,-35.7317,174.3239,290.27,63,100,1.1,NZ,1682564597
254,kailua-kona,19.6406,-155.9956,297.37,97,91,1.79,US,1682564538
255,hermanus,-34.4187,19.2345,289.55,65,0,4.42,ZA,1682564601
256,al mayadin,35.0209,40.4535,292.29,45,26,5.2,SY,1682564603
257,mogocha,53.7333,119.7667,278.85,35,80,2.67,RU,1682564605
258,mushie,-3.0167,16.9,294.88,95,100,0.96,CD,1682564607
259,ganshui,28.7422,106.7111,296.08,58,39,2.24,CN,1682564609
260,enewetak,11.3474,162.3373,300.34,81,51,9.29,MH,1682564611
261,grand island,40.925,-98.342,287.15,48,0,4.12,US,1682564614
262,mersrags,57.3354,23.1246,276.08,86,100,3.89,LV,1682564615
263,santana,-0.0583,-51.1817,297.25,100,75,1.54,BR,1682564616
264,melito di porto salvo,37.9222,15.7714,289.12,62,56,3.09,IT,1682564618
265,wusong,30.95,117.7833,296.22,50,9,2.97,CN,1682564619
266,nemuro,43.3236,145.575,280.18,53,9,12.8,JP,1682564621
267,raja,8.4596,25.678,296.49,74,99,1.92,SS,1682564622
268,belmonte,-15.8631,-38.8828,297.03,87,5,0.54,BR,1682564565
269,taroa,8.7058,171.2275,300.1,83,96,7.23,MH,1682564626
270,nadym,65.5333,72.5167,269.75,92,22,3.75,RU,1682564627
271,horta,38.5333,-28.6333,289.83,87,67,8.49,PT,1682564628
272,port saint john's,-31.6229,29.5448,294.39,65,51,3.27,ZA,1682564555
273,tari,12.4086,4.4914,302.96,51,96,5.78,NG,1682564630
274,khovd,48.0056,91.6419,271.21,52,100,2.67,MN,1682564587
275,ormara,25.2088,64.6357,299.31,70,70,2.31,PK,1682564538
276,sinop,41.7711,34.8709,283.16,87,100,3.0,TR,1682564634
277,geraldton,-28.7667,114.6,296.38,53,27,6.69,AU,1682564635
278,rongelap,11.1635,166.8941,300.17,81,15,9.01,MH,1682564636
279,newman,37.3138,-121.0208,299.14,58,12,1.85,US,1682564638
280,hengchun,22.0042,120.7439,298.74,69,55,7.29,TW,1682564535
281,kapuskasing,49.4169,-82.4331,274.15,93,100,2.57,CA,1682564640
282,rabo de peixe,37.8,-25.5833,289.88,100,40,6.69,PT,1682564641
283,cambria,35.5641,-121.0808,296.56,87,22,1.89,US,1682564644
284,kronenwetter,44.8222,-89.5904,280.13,57,0,4.63,US,1682564646
285,galle,6.0367,80.217,300.76,79,100,2.54,LK,1682564648
286,acarau,-2.8856,-40.12,298.66,86,100,2.65,BR,1682564650
287,laguna,38.421,-121.4238,299.14,49,0,3.09,US,1682564653
288,ust'-kalmanka,52.1207,83.305,286.12,64,100,3.67,RU,1682564655
289,lompoc,34.6391,-120.4579,290.25,94,100,2.06,US,1682564657
290,cill airne,52.05,-9.5167,282.58,97,100,2.09,IE,1682564659
291,tamiahua,21.2667,-97.45,297.99,95,100,4.27,MX,1682564553
292,qamdo,31.1667,97.2333,277.02,37,66,2.49,CN,1682564563
293,al bardiyah,31.7561,25.0865,290.48,71,2,5.84,LY,1682564666
294,at taj,24.2049,23.2857,294.45,22,0,4.35,LY,1682564668
295,coquimbo,-29.9533,-71.3436,287.0,100,100,1.03,CL,1682564397
296,dubbo,-32.25,148.6167,298.22,31,40,5.66,AU,1682564674
297,ulysses,37.5814,-101.3552,280.31,93,0,4.12,US,1682564676
298,mandan,46.8267,-100.8896,284.79,40,0,2.06,US,1682564677
299,pandan,14.0453,124.1694,301.01,80,45,4.65,PH,1682564678
300,batang,-6.4846,110.7083,302.44,71,100,1.14,ID,1682564680
301,borovskoy,53.8,64.15,289.64,41,100,6.68,KZ,1682564681
302,zouerate,22.7187,-12.4521,300.68,27,3,4.36,MR,1682564682
303,new martinsville,39.6445,-80.8576,282.1,84,50,2.13,US,1682564683
304,scottburgh,-30.2867,30.7532,292.9,78,7,3.1,ZA,1682564684
305,orlovskiy,46.8714,42.0592,284.65,73,100,4.16,RU,1682564686
306,hami,42.8,93.45,289.91,21,46,11.09,CN,1682564687
307,boa vista,2.8197,-60.6733,296.14,100,40,0.51,BR,1682564632
308,abha,18.2164,42.5053,285.05,87,0,0.0,SA,1682564689
309,sola,-13.8833,167.55,300.6,71,10,1.68,VU,1682564690
310,mugia,43.1041,-9.2179,286.99,90,99,2.77,ES,1682564692
311,lipetsk,52.6031,39.5708,283.14,76,72,2.57,RU,1682564693
312,malango,-2.9627,119.9001,300.12,74,71,0.91,ID,1682564694
313,kalianget,-7.05,113.9333,302.26,73,37,2.19,ID,1682564695
314,porto ferreira,-21.8539,-47.4792,290.4,95,3,1.12,BR,1682564696
315,fortuna foothills,32.6578,-114.4119,302.71,12,0,0.0,US,1682564698
316,petropavlovsk-kamchatsky,53.0452,158.6483,280.48,39,0,5.0,RU,1682564699
317,oranjemund,-28.55,16.4333,285.89,88,82,0.37,NA,1682564700
318,salta,-24.7859,-65.4117,287.91,88,20,3.09,AR,1682564473
319,kingston,17.997,-76.7936,300.68,87,20,4.12,JM,1682564704
320,bakhmach,51.1808,32.7569,284.03,90,100,2.55,UA,1682564707
321,binka,21.0333,83.8,306.6,29,84,2.36,IN,1682564709
322,cestos city,5.46,-9.5828,298.5,85,100,0.8,LR,1682564712
323,ponta delgada,37.7333,-25.6667,290.55,100,40,6.69,PT,1682564439
324,okha,53.5739,142.9478,273.19,99,100,9.05,RU,1682564715
325,puerto aysen,-45.4,-72.7,279.2,96,100,1.86,CL,1682564595
326,san ignacio,17.1561,-89.0714,302.23,70,0,3.09,BZ,1682564719
327,floro,61.5996,5.0328,277.13,75,75,5.66,NO,1682564721
328,kristiansund,63.1115,7.732,276.18,87,100,4.12,NO,1682564723
329,lamesa,32.7376,-101.951,286.22,58,0,8.91,US,1682564725
330,saldanha,-33.0117,17.9442,286.18,83,33,4.69,ZA,1682564556
331,whitehorse,60.7161,-135.0538,279.27,40,75,6.17,CA,1682564726
332,ilebo,-4.3167,20.5833,293.45,99,100,0.82,CD,1682564543
333,sovetskiy,61.3614,63.5842,281.22,94,100,0.8,RU,1682564733
334,puerto baquerizo moreno,-0.9,-89.6,298.97,78,7,3.85,EC,1682564568
335,bengkulu,-3.8004,102.2655,299.1,83,100,0.97,ID,1682564737
336,yarmouth,41.7057,-70.2286,281.46,89,0,1.79,US,1682564738
337,timimoun,29.2639,0.231,298.93,16,0,3.88,DZ,1682564739
338,zakamensk,50.3741,103.2863,271.1,58,100,4.32,RU,1682564740
339,forster,-32.1667,152.5167,296.01,64,93,0.89,AU,1682564742
340,kone,-21.0595,164.8658,300.65,65,76,2.48,NC,1682564744
341,thunder bay,48.4001,-89.3168,277.14,48,100,9.26,CA,1682564745
342,castillos,-34.1667,-53.8333,289.98,90,88,3.83,UY,1682564746
343,harper,4.375,-7.7169,299.07,87,100,4.75,LR,1682564747
344,liwale,-9.7667,37.9333,290.77,93,24,2.09,TZ,1682564748
345,nantucket,41.2835,-70.0995,280.18,82,100,2.06,US,1682564682
346,mount isa,-20.7333,139.5,303.02,30,90,3.6,AU,1682564481
347,iskateley,67.6803,53.1512,270.09,91,78,7.05,RU,1682564752
348,natal,-5.795,-35.2094,298.51,88,40,4.63,BR,1682564753
349,sesheke,-17.4759,24.2968,289.39,50,52,2.27,ZM,1682564754
350,milledgeville,33.0801,-83.2321,288.53,87,100,2.06,US,1682564665
351,tazacorte,28.629,-17.9293,291.69,74,0,2.06,ES,1682564550
352,vilyuchinsk,52.9306,158.4028,281.3,65,7,2.81,RU,1682564758
353,aasiaat,68.7098,-52.8699,271.5,86,100,1.74,GL,1682564675
354,cintruenigo,42.0777,-1.8088,287.78,86,100,0.97,ES,1682564760
355,fale old settlement,-9.3852,-171.2468,301.49,75,100,4.52,TK,1682564764
356,nuuk,64.1835,-51.7216,272.49,100,100,5.81,GL,1682564514
357,kalmunai,7.4167,81.8167,302.32,73,87,2.97,LK,1682564768
358,nar'yan-mar,67.6713,53.087,270.19,91,74,6.97,RU,1682564770
359,east london,-33.0153,27.9116,296.19,45,42,3.56,ZA,1682564772
360,shache,38.4167,77.2406,290.97,32,100,4.24,CN,1682564774
361,dudinka,69.4058,86.1778,268.13,93,100,2.3,RU,1682564776
362,san luis de la loma,17.2706,-100.8939,298.75,73,87,2.94,MX,1682564778
363,devnya,43.2222,27.5694,281.55,99,100,8.39,BG,1682564781
364,guia lopes da laguna,-21.4578,-56.1142,292.88,98,23,1.57,BR,1682564782
365,sur,22.5667,59.5289,300.62,64,6,1.73,OM,1682564784
366,douentza,14.9951,-2.9517,299.11,11,98,2.15,ML,1682564786
367,baraki barak,33.9675,68.9486,288.52,44,1,0.31,AF,1682564789
368,tateyama,34.9833,139.8667,291.3,47,0,1.34,JP,1682564514
369,kenora,49.8167,-94.4337,275.69,100,100,4.63,CA,1682564793
370,hadibu,12.65,54.0333,300.66,73,5,1.25,YE,1682564795
371,anna regina,7.2644,-58.5077,296.91,90,100,1.76,GY,1682564796
372,sydney,-33.8679,151.2073,299.05,57,75,5.66,AU,1682564738
373,krasnyy yar,46.5331,48.3456,286.11,61,10,2.81,RU,1682564799
374,port-gentil,-0.7193,8.7815,300.42,80,100,4.4,GA,1682564800
375,vila velha,-20.3297,-40.2925,298.12,93,40,2.57,BR,1682564751
376,ban dung,17.699,103.2596,304.98,46,50,3.3,TH,1682564803
377,val-d'or,48.1002,-77.7828,273.2,100,100,2.06,CA,1682564570
378,santo nino,6.435,124.6975,304.97,58,100,1.22,PH,1682564805
379,isangel,-19.55,169.2667,301.63,65,100,3.14,VU,1682564806
380,bodden town,19.2833,-81.25,299.78,81,0,2.06,KY,1682564807
381,zurrieq,35.8311,14.4742,288.69,94,75,3.09,MT,1682564809
382,lake geneva,42.5917,-88.4334,278.1,76,0,0.0,US,1682564660
383,bor,56.3567,44.0669,285.11,88,100,5.22,RU,1682564811
384,wellington,-41.2866,174.7756,289.74,72,0,3.09,NZ,1682564601
385,alappuzha,9.49,76.3264,303.71,78,92,1.7,IN,1682564646
386,antalaha,-14.9003,50.2788,296.43,91,21,3.28,MG,1682564627
387,salinopolis,-0.6136,-47.3561,298.72,87,100,2.42,BR,1682564816
388,mandalgovi,45.7625,106.2708,272.66,26,100,7.18,MN,1682564817
389,hamilton,39.1834,-84.5333,283.71,63,0,0.0,US,1682564777
390,urangan,-25.3,152.9,298.82,67,81,7.52,AU,1682564649
391,selkirk,50.1436,-96.8845,278.19,94,53,1.87,CA,1682564527
392,pisco,-13.7,-76.2167,295.18,78,0,3.09,PE,1682564581
393,siniscola,40.5719,9.6922,286.9,52,89,2.09,IT,1682564824
394,west end,26.6833,-78.9667,297.14,73,98,4.26,BS,1682564826
395,belgrade,44.804,20.4651,277.78,80,0,2.57,RS,1682564212
396,ta`u,-14.2336,-169.5144,300.86,74,28,3.09,AS,1682564830
397,le port,-20.9373,55.2919,295.15,92,6,1.31,RE,1682564832
398,necochea,-38.5473,-58.7368,286.73,91,0,3.69,AR,1682564834
399,vadso,70.0744,29.7487,275.24,75,0,5.66,NO,1682564836
400,nguru,12.8791,10.4526,303.31,34,82,3.81,NG,1682564838
401,margate,51.3813,1.3862,281.43,75,97,1.79,GB,1682564799
402,ak-suu,42.4995,78.527,282.17,41,100,1.41,KG,1682564843
403,malvan,16.0667,73.4667,300.79,69,0,1.96,IN,1682564774
404,arteche,12.2645,125.4048,301.13,85,95,3.26,PH,1682564846
405,buka,40.8108,69.1986,291.82,41,1,2.48,UZ,1682564848
406,banfora,10.6333,-4.7667,299.74,53,17,2.57,BF,1682564850
407,greenville,35.6127,-77.3663,288.24,97,100,0.0,US,1682564853
408,taoudenni,22.6783,-3.9836,301.29,12,0,3.83,ML,1682564855
409,tres arroyos,-38.3739,-60.2798,284.56,92,0,1.51,AR,1682564857
410,bikenibeu village,1.3673,173.1241,304.13,70,40,5.66,KI,1682564858
411,vilyuysk,63.7553,121.6247,274.87,96,87,4.56,RU,1682564859
412,santa cruz del sur,20.7147,-77.9956,298.87,69,79,2.94,CU,1682564860
413,songea,-10.6833,35.65,287.21,94,89,0.93,TZ,1682564861
414,katghora,22.5,82.55,303.14,36,100,1.93,IN,1682564778
415,katabu,-4.9333,122.5167,301.49,82,98,1.52,ID,1682564864
416,flying fish cove,-10.4217,105.6791,300.49,79,58,5.91,CX,1682564865
417,metu,8.3,35.5833,287.84,96,80,0.97,ET,1682564866
418,shitanjing,39.2342,106.3439,283.7,24,100,9.03,CN,1682564867
419,chilliwack,49.1747,-121.9443,286.77,87,100,0.89,CA,1682564868
420,mont-laurier,46.5501,-75.4993,274.94,94,100,1.13,CA,1682564758
421,peace river,56.2501,-117.286,280.32,81,100,4.12,CA,1682564582
422,cole harbour,44.6724,-63.4751,277.7,89,100,0.89,CA,1682564872
423,spring creek,40.7266,-115.5859,286.98,43,93,0.21,US,1682564873
424,sao gabriel da cachoeira,-0.1303,-67.0892,296.59,94,97,0.8,BR,1682564875
425,dryden,49.7833,-92.7503,275.05,98,100,4.58,CA,1682564876
426,graaff-reinet,-32.2522,24.5308,293.85,30,100,4.03,ZA,1682564877
427,kretinga,55.8758,21.2508,278.01,81,0,2.57,LT,1682564878
428,kudahuvadhoo,2.6708,72.8944,302.0,73,100,2.13,MV,1682564655
429,asmara,15.3333,38.9333,288.26,69,24,1.04,ER,1682564880
430,san patricio,28.017,-97.5169,298.06,87,93,5.03,US,1682564882
431,minas de marcona,-15.2119,-75.1103,289.99,85,41,4.31,PE,1682564884
432,nema,57.5067,50.5011,283.79,89,100,4.26,RU,1682564886
433,kavieng,-2.5744,150.7967,302.34,73,16,2.43,PG,1682564888
434,yamada,39.4667,141.95,288.15,35,0,4.4,JP,1682564890
435,corinto,37.9407,22.9573,286.98,78,5,1.05,GR,1682564892
436,sahiwal,30.6667,73.1,304.44,19,100,5.16,PK,1682564894
437,happy valley-goose bay,53.3168,-60.3315,278.07,72,19,0.69,CA,1682564896
438,westport,41.1415,-73.3579,283.75,85,100,1.34,US,1682564898
439,hammerfest,70.6634,23.6821,277.4,65,88,4.12,NO,1682564900
440,carahue,-38.7,-73.1667,284.1,93,100,0.75,CL,1682564902
441,taksimo,56.3444,114.8794,277.64,39,91,0.42,RU,1682564904
442,praia da vitoria,38.7333,-27.0667,290.24,88,14,10.18,PT,1682564906
443,furstenfeld,47.05,16.0833,279.62,81,99,0.37,AT,1682564908
444,sao joao da barra,-21.6403,-41.0511,296.73,91,30,5.51,BR,1682564677
445,kovur,14.4833,79.9833,304.19,60,69,3.97,IN,1682564913
446,nadi,-17.8,177.4167,303.15,62,20,6.69,FJ,1682564673
447,fort mcmurray,56.7268,-111.381,277.31,71,87,2.12,CA,1682564916
448,barah,13.7,30.3667,301.48,42,98,3.84,SD,1682564918
449,simanggang,1.2472,111.4528,300.44,82,100,0.97,MY,1682564919
450,saint-francois,46.4154,3.9054,282.41,93,0,1.03,FR,1682564920
451,nagqu,31.5,92.0,276.21,30,73,1.97,CN,1682564721
452,el kala,36.8956,8.4433,289.03,69,10,1.33,DZ,1682564923
453,touros,-5.1989,-35.4608,298.26,87,100,3.01,BR,1682564668
454,suva,-18.1416,178.4415,303.86,66,40,4.63,FJ,1682564926
455,gunjur,13.2019,-16.7339,293.62,86,100,4.67,GM,1682564927
456,tezu,27.9167,96.1667,304.75,22,4,1.54,IN,1682564928
457,chester,40.1254,-75.8749,282.01,91,40,1.34,US,1682564929
458,timmins,48.4669,-81.3331,270.41,98,100,0.6,CA,1682564930
459,pont rouge,48.8833,-72.0825,275.83,80,10,1.55,CA,1682564932
460,acajutla,13.5928,-89.8275,300.95,78,24,1.72,SV,1682564933
461,taulaga,-11.0553,-171.0883,301.72,71,100,4.2,AS,1682564934
462,karacabey,40.2152,28.4038,284.36,96,100,2.18,TR,1682564935
463,guerrero negro,27.9769,-114.0611,288.09,83,0,6.46,MX,1682564936
464,bonthe,7.5264,-12.505,299.52,82,86,2.1,SL,1682564937
465,paradip garh,20.3167,86.6167,304.36,61,11,4.43,IN,1682564939
466,phrai bueng,14.7483,104.3626,308.79,46,100,2.46,TH,1682564940
467,salamanca,40.8333,-6.0,286.34,39,100,1.36,ES,1682564941
468,luanda,-8.8368,13.2343,297.15,94,75,1.03,AO,1682564655
469,atherton,53.5237,-2.4935,280.87,80,100,0.89,GB,1682564945
470,hafar al-batin,28.4328,45.9708,295.94,45,0,2.71,SA,1682564947
471,inhambane,-23.865,35.3833,294.93,83,3,2.67,MZ,1682564949
472,xining,36.6167,101.7667,283.55,41,100,5.62,CN,1682564951
473,namibe,-15.1961,12.1522,297.84,66,100,4.47,AO,1682564953
474,bambanglipuro,-7.95,110.2833,302.82,70,100,2.41,ID,1682564955
475,ixtapa,20.7,-105.2,297.72,78,75,3.09,MX,1682564957
476,usinsk,65.9939,57.5281,270.46,92,90,5.7,RU,1682564959
477,saint-pierre,-21.3393,55.4781,294.97,68,0,4.63,RE,1682564808
478,arar,30.9753,41.0381,292.75,13,0,2.06,SA,1682564964
479,llano bonito,7.9667,-80.4333,298.31,63,91,4.09,PA,1682564967
480,iquique,-20.2208,-70.1431,293.17,81,54,0.77,CL,1682564968
481,midvagur,62.0511,-7.1939,273.61,80,73,1.54,FO,1682564973
482,mossel bay,-34.1831,22.146,290.11,85,100,2.1,ZA,1682564974
483,siatista,40.2619,21.5442,276.03,84,0,2.48,GR,1682564976
484,hit,33.6416,42.8251,295.19,31,88,3.39,IQ,1682564977
485,upington,-28.4478,21.2561,293.51,48,57,2.75,ZA,1682564979
486,bijar,35.8668,47.6051,281.02,53,4,1.13,IR,1682564980
487,chuguyevka,44.1653,133.8633,288.18,26,4,7.15,RU,1682564981
488,suwayr,30.1171,40.3893,293.61,19,0,3.05,SA,1682564982
489,al mindak,20.1588,41.2834,291.0,56,4,0.83,SA,1682564984
490,mega,4.05,38.3,287.24,95,28,2.52,ET,1682564985
491,keflavik,64.0049,-22.5624,273.39,100,75,5.14,IS,1682564986
492,bochum,51.4833,7.2167,277.42,79,8,1.11,DE,1682564783
493,adi keyh,14.8444,39.3772,288.89,68,51,0.89,ER,1682564988
494,justiniano posse,-32.8841,-62.6779,290.11,60,11,2.74,AR,1682564989
495,tolanaro,-25.0319,46.9987,292.59,84,12,2.16,MG,1682564991
496,elliot,-31.3333,27.85,285.6,51,29,3.47,ZA,1682564992
497,axim,4.8699,-2.2405,299.84,84,100,4.93,GH,1682564993
498,mermoz boabab,14.7065,-17.4758,293.46,87,7,6.78,SN,1682564994
499,los llanos de aridane,28.6585,-17.9182,290.01,78,0,2.06,ES,1682564996
500,bayan,46.0833,127.4,290.58,26,4,7.45,CN,1682564997
501,bardai,11.65,7.2333,299.4,58,93,5.36,NG,1682564998
502,kharp,66.8014,65.8081,268.2,83,97,1.66,RU,1682564999
503,gebeit,21.0667,36.3167,296.69,33,4,1.04,SD,1682565001
504,moree,-29.4667,149.85,298.32,37,0,3.05,AU,1682565003
505,chipinge,-20.1883,32.6236,286.77,95,37,1.7,ZW,1682565005
506,zaragoza,41.6561,-0.8773,292.05,73,0,2.24,ES,1682565008
507,gympie,-26.1898,152.665,296.02,62,95,3.85,AU,1682565010
508,baiao,-2.7906,-49.6717,296.05,100,100,0.98,BR,1682565013
509,glendive,47.1053,-104.7125,286.94,35,0,1.54,US,1682565017
510,chibougamau,49.9168,-74.3659,271.08,98,76,1.63,CA,1682564927
511,naracoorte,-36.9579,140.7383,294.43,49,1,5.77,AU,1682565022
512,muroto-misakicho,33.2833,134.15,289.39,56,5,1.26,JP,1682565024
513,porto novo,6.4965,2.6036,298.76,87,100,2.02,BJ,1682565026
514,al jahra',29.3375,47.6581,300.16,25,0,3.85,KW,1682564737
515,jayapura,-2.5333,140.7,307.81,78,58,2.38,ID,1682564870
516,tyukalinsk,55.8732,72.1967,289.87,43,100,6.53,RU,1682565033
517,bel ombre,-4.6167,55.4167,301.74,75,76,6.12,SC,1682565035
518,gisborne,-38.6533,178.0042,288.94,54,1,4.58,NZ,1682565036
519,la pineda,41.0762,1.1852,288.88,80,94,1.34,ES,1682565038
520,troitskiy,57.0603,63.7481,289.72,50,100,4.99,RU,1682565039
521,dowagiac,41.9842,-86.1086,277.54,81,20,2.51,US,1682565040
522,dalandzadgad,43.5708,104.425,281.57,15,2,0.96,MN,1682565042
523,west bay,19.3667,-81.4167,299.82,78,0,2.06,KY,1682565043
524,kavaratti,10.5669,72.642,301.45,69,42,3.27,IN,1682565044
525,kangiwa,12.5521,3.8187,302.1,49,77,6.59,NG,1682565045
526,joshimath,30.5667,79.5667,288.97,49,100,0.71,IN,1682565046
527,kourou,5.1552,-52.6478,296.18,92,100,2.19,GF,1682565047
528,iguape,-24.7081,-47.5553,293.69,90,2,3.33,BR,1682565049
529,hobbs,32.7026,-103.136,287.48,41,0,9.26,US,1682565050
530,alofi,-19.0595,-169.9187,300.09,78,75,4.63,NU,1682565051
531,namie,37.4833,141.0,290.77,40,2,5.87,JP,1682565052
532,karlovo,42.6333,24.8,280.82,96,100,2.65,BG,1682565054
533,toliara,-23.35,43.6667,292.1,85,0,5.37,MG,1682564811
534,berdychiv,49.8993,28.6024,277.25,96,100,5.85,UA,1682565056
535,queenstown,-31.8976,26.8753,288.14,46,90,3.12,ZA,1682565057
536,chakari,-18.0629,29.8925,286.92,66,6,2.15,ZW,1682565058
537,chifeng,42.2683,118.9636,294.74,20,100,5.7,CN,1682565060
538,rutana,-3.8667,30.1,286.69,94,95,0.74,BI,1682565061
539,koch'ang,35.4333,126.7,291.06,32,30,2.32,KR,1682565063
540,semporna,4.4818,118.6112,301.36,79,100,1.93,MY,1682565065
541,pajara,28.3504,-14.1076,290.88,85,50,3.35,ES,1682565068
542,sovetskaya gavan',48.9723,140.2878,280.77,42,67,3.46,RU,1682565071
543,urengoy,65.9667,78.3667,267.97,92,79,1.55,RU,1682564934
544,togur,58.3631,82.8265,276.36,88,100,2.99,RU,1682565076
545,tafas,32.7356,36.0669,284.46,55,93,1.12,SY,1682565078
546,christchurch,-43.5333,172.6333,291.71,46,0,1.54,NZ,1682564694
547,olinda,-8.0089,-34.8553,298.0,88,100,1.54,BR,1682564888
548,prince rupert,54.3161,-130.3201,280.36,80,96,1.6,CA,1682564948
549,illizi,26.4833,8.4667,297.74,19,9,4.1,DZ,1682565086
550,bejaia,36.7559,5.0843,290.72,58,7,0.73,DZ,1682564893
551,mahdia,35.5047,11.0622,290.12,72,30,1.96,TN,1682565090
552,baglung,28.2719,83.5898,296.78,31,100,1.18,NP,1682565092
553,baardheere,2.3446,42.2764,298.78,87,98,3.96,SO,1682565094
554,sao raimundo nonato,-9.0153,-42.6994,297.75,64,67,1.02,BR,1682565096
555,zhangye,38.9342,100.4517,284.13,31,100,5.72,CN,1682565098
556,antsiranana,-12.2787,49.2917,297.48,89,98,4.19,MG,1682565099
557,ntoum,0.3833,9.7833,297.28,94,100,0.85,GA,1682565100
558,ebon,4.582,168.6964,301.25,79,84,5.86,MH,1682565102
559,al hazm,16.1641,44.7769,296.14,53,15,0.32,YE,1682565103
560,fuyuan,46.4333,127.0833,289.83,24,5,6.0,CN,1682565104
561,vryburg,-26.9566,24.7284,290.29,52,2,4.47,ZA,1682565105
562,polyarnyy,69.1989,33.4478,271.16,75,95,3.99,RU,1682565106
563,rostovka,55.3842,71.8891,290.4,41,100,6.46,RU,1682565108
564,ikere-ekiti,7.4913,5.2322,296.42,92,100,1.48,NG,1682565109
565,lapua,62.9693,23.0088,276.67,97,100,2.04,FI,1682565110
566,mount vernon,40.9126,-73.8371,284.76,77,40,3.6,US,1682565111
567,arzachena,41.0769,9.3887,286.84,70,69,3.94,IT,1682565112
568,dunedin,-45.8742,170.5036,290.97,47,24,3.48,NZ,1682565114
569,saint-laurent-du-maroni,5.5039,-54.0289,295.63,99,100,0.34,GF,1682565115
570,mejit,10.2753,170.8646,300.01,82,32,8.59,MH,1682565116
